Epoch,Mean Loss
1,10.109999656677246
1,1.0416432079052764
